,0,1,2,3,4,5,6,7,8,9,10,11,12,13,14,15,16,17,18,19,20,21,22
0,00-000001,ОПТ_TEST,,Нет,,,,0001-01-01,,,,Нет,,,Нет,0001-01-01,0,,,,,2023-03-20 05:10:01,0
1,00-000002,Склад Свиблово,,Нет,1,skl1,,0001-01-01,,,,Нет,,Мск Свиблово Отдел Логистики,Нет,0001-01-01,159,,,,,2023-03-20 05:10:01,0
2,00-000003,Мск ОФИС,,Да,68,OFF-NO,,2021-01-01,МОСКВА,NO ONE,Основной,Нет,основная,Тренинги,Да,0001-01-01,0,Multi,,,,2023-03-20 05:10:01,0
3,00-000004,ОПТ,,Нет,183,ОПТ,,2019-06-10,МОСКВА,,Основной,Нет,,,Да,0001-01-01,0,,,,,2023-03-20 05:10:01,0
4,00-000005,ВЭД,,Нет,,,,0001-01-01,,,,Нет,,,Нет,0001-01-01,0,,,,,2023-03-20 05:10:01,0
5,00006023,Мск Тверская 12 БРАК (старый),,Да,23,PTV,МОСКВА Подвал Тверской,2008-09-17,МОСКВА,,Браки,Да,основная,,Нет,2022-04-01,0,,,,,2023-03-20 05:10:01,0
6,00006024,Мск Реклама,,Да,24,REK,МОСКВА Реклама,2013-04-18,МОСКВА,,Реклама,Нет,Реклама,,Нет,0001-01-01,0,,,,,2023-03-20 05:10:01,0
7,00006105,Мск интернет-магазин,,Да,105,ONLINE,МОСКВА Интернет-магазин,2013-02-28,МОСКВА,Интернет-магазин,Интернет-торговля,Нет,основная,Мск ИМ Тверская 12,Нет,0001-01-01,105,Online,,,,2023-03-20 05:10:01,0
8,00006150,МОСКВА Интернет-Магазин-Дисконт,,Да,150,ONLINEDIS,МОСКВА Интернет-магазин,2015-11-23,МОСКВА,,Интернет-торговля,Да,сток,,Нет,2017-10-01,105,,,,,2023-03-10 17:26:12,0
9,00006164,Мск Малая Бронная 24 ШОУ РУМ,,Да,164,MSK-SHOP,,2017-06-27,МОСКВА,,Реклама,Нет,Реклама,,Нет,0001-01-01,0,,,,,2023-03-20 05:10:01,0
10,00006171,Образцы,,Да,171,OBR,Москва Образцы,2018-07-16,МОСКВА,,Реклама,Нет,Реклама,,Нет,0001-01-01,0,,,,,2023-03-20 05:10:01,0
11,00006183,ОПТ_Lamoda,,Нет,183,ОПТ-Lamoda,ОПТ_Lamoda,2019-06-10,МОСКВА,,ОПТ,Нет,,,Да,0001-01-01,0,,,,,2023-03-20 05:10:01,0
12,00006191,Мск склад Европейский,,Да,191,EVR-СКЛАД,МОСКВА ЕВРОПЕЙСКИЙ ТРЦ,2020-03-01,МОСКВА,,Основной,Нет,основная,Мск Европейский СКЛАД,Да,0001-01-01,0,,,,,2023-03-20 05:10:01,0
13,00006196,Мск склад ГУМ,,Да,196,GUM-СКЛАД,МОСКВА ГУМ,2019-10-03,МОСКВА,,Основной,Нет,основная,Мск ГУМ СКЛАД,Нет,0001-01-01,0,,,,,2023-03-20 05:10:01,0
14,01001047,Влг Парк Хаус BALDININI,,Да,47,VOL-PH-BA,"ВОЛГОГРАД МОЛЛ ""ПАРК-ХАУС""",2008-03-29,ВОЛГОГРАД,BALDININI,Основной,Да,основная,"Влг Парк Хаус NO ONE, BALDININI, FABI",Нет,2020-10-01,344345001,,,,,2023-03-10 17:26:12,0
15,01002071,"Екатеринбург ТЦ ""ЕВРОПА"" Baldinini",,Да,71,EK-EVR-BA,"ЕКАТЕРИНБУРГ ТЦ ""ЕВРОПА""",2009-10-23,ЕКАТЕРИНБУРГ,BALDININI,Основной,Да,основная регион,,Нет,2016-02-29,0,,,,,2023-03-20 05:10:01,0
16,01004037,"Казань OUTLET МОЛЛ ""ПАРК-ХАУС"" Baldinini",,Да,37,KAZ-PH-OT-BA,"КАЗАНЬ МОЛЛ ""ПАРК-ХАУС""",2007-02-24,КАЗАНЬ,BALDININI,Сток,Да,Казань СТОК,,Нет,2016-03-28,0,,,,,2023-03-20 05:10:01,0
17,01004087,Кзн Сувар Плаза BALDININI,,Да,87,KAZ-SP-BA,"КАЗАНЬ ТЦ ""Сувар - Плаза""",2011-05-06,КАЗАНЬ,BALDININI,Основной,Да,основная,"Кзн Сувар Плаза NO ONE, BALDININI, FABI",Нет,2020-11-06,165545001,,,,,2023-03-10 17:26:12,0
18,01005049,"Красноярск ТДЦ  ""Планета"" Baldinini",,Да,49,KRK-PL-BA,"КРАСНОЯРСК ТДЦ  ""Планета""",2008-05-05,КРАСНОЯРСК,BALDININI,Основной,Да,Красноярск Baldinini,"Красноярск, Планета Baldinini, Braccialini",Нет,2018-02-20,0,,,,,2023-03-20 05:10:01,0
19,01006033,Мск Капитолий Вернадского BALDININI,,Да,33,VERN-BA,МОСКВА КАПИТОЛИЙ на Вернадского,2006-12-02,МОСКВА,BALDININI,Основной,Да,основная,Мск Капитолий Вернадского BALDININI,Нет,2020-10-01,772545008,,,,,2023-03-10 17:26:12,0
20,01006034,Мск Европейский BALDININI,,Да,190,EVR-BA,МОСКВА ЕВРОПЕЙСКИЙ ТРЦ,2006-11-03,МОСКВА,BALDININI,Основной,Нет,основная,"Мск Европейский BALDININI, NO ONE DONNA, NO ONE UO",Нет,0001-01-01,772545012,Mono B,,,,2023-05-01 05:10:02,0
21,01006035,Мск Тверская 12 NO ONE,,Да,193,TV12-NO,МОСКВА Тверская 12,2019-08-12,МОСКВА,NO ONE,Основной,Нет,основная,Мск Тверская 12 NO ONE,Нет,0001-01-01,772545003,Multi,,,,2023-03-20 05:10:01,0
22,01006039,Мск Атриум BALDININI,,Да,39,ATR-BA,МОСКВА АТРИУМ,2007-08-10,МОСКВА,BALDININI,Основной,Нет,основная,"Мск Атриум BALDININI, NO ONE",Нет,0001-01-01,772545002,Mono B,,,,2023-03-20 05:10:01,0
23,01006059,Мск Тверская 12 BALDININI,,Да,59,TV12-BA,МОСКВА Тверская 12,2008-09-24,МОСКВА,BALDININI,Основной,Нет,основная,Мск Тверская 12 BALDININI,Нет,2020-03-12,772545003,,,,,2023-03-14 14:58:54,0
24,01006064,Москва МЕТРОПОЛИС Baldinini,,Да,64,METR-BA,МОСКВА МЕТРОПОЛИС,2009-01-31,МОСКВА,BALDININI,Основной,Да,основная,,Нет,2016-01-10,0,,,,,2023-03-20 05:10:01,0
25,01006078,Мск Vegas BALDININI,,Да,78,VEG-BA,МОСКВА ТРЦ VEGAS,2010-06-01,МОСКВА,BALDININI,Основной,Да,основная,"Мск Vegas BALDININI, FABI, PDB",Нет,2020-08-31,500345001,,,,,2023-03-10 17:26:12,0
26,01006083,Москва Афимолл Сити Baldinini,Москва Афимолл Сити Braccialini,Да,83,AFI-BA,МОСКВА Афимолл Сити,2011-03-11,МОСКВА,BALDININI,Основной,Да,основная,,Нет,2015-03-07,0,,,,,2023-03-20 05:10:01,0
27,01006086,Мск ГУМ BALDININI,,Да,86,GUM-BA,МОСКВА ГУМ,2010-12-10,МОСКВА,BALDININI,Основной,Нет,основная,Мск ГУМ BALDININI,Нет,0001-01-01,772545007,Mono B,,,,2023-03-20 05:10:01,0
28,01006093,Мск Белая Дача OUTLET BALDININI,,Да,93,BD-OT-BA,МОСКВА OUTLET ТЦ Белая Дача,2012-08-16,МОСКВА,BALDININI,Сток,Да,сток,Мск Белая Дача OUTLET NO ONE,Нет,2021-10-12,5502745001,Mono B,,,,2023-03-10 17:26:12,0
29,01006113,Мск Ереван Плаза  BALDININI,,Да,113,ER-BA,МОСКВА ЕРЕВАН ПЛАЗА,2013-08-02,МОСКВА,BALDININI,Основной,Да,основная,"Мск Ереван Плаза NO ONE, BALDININI",Нет,2021-02-20,772545013,Mono B,,,SdID,2023-03-10 17:26:12,0
30,01006116,Мск Fashion House OUTLET BALDININI,,Да,116,FH-OT-BA,МОСКВА OUTLET FASHION HOUSE,2013-07-19,МОСКВА,BALDININI,Сток,Да,сток,Мск Fashion House NO ONE,Нет,2021-07-17,504445001,Mono B,,,,2023-05-29 05:10:02,0
31,01006118,Мск Райкин Плаза BALDININI,,Да,118,RP-BA,МОСКВА Райкин Плаза,2013-07-07,МОСКВА,BALDININI,Основной,Да,основная,Мск Райкин Плаза BALDININI,Нет,2020-08-31,772545011,,,,,2023-03-10 17:26:12,0
32,01006199,Мск Novaya Riga OUTLET BALDININI,,Да,185,NR-OT-BA,МОСКВА OUTLET Рига,2019-06-30,МОСКВА,BALDININI,Сток,Нет,сток,Мск Novaya Riga NO ONE,Нет,0001-01-01,0,Mono B,,,,2023-03-20 05:10:01,0
33,01007065,РнД Горизонт BALDININI,,Да,65,ROS-G-BA,"РОСТОВ-НА-ДОНУ ТРК ""Мегацентр Горизонт""",2009-04-15,РОСТОВ-НА-ДОНУ,BALDININI,Основной,Нет,основная,"РнД Горизонт BALDININI, FABI, NO ONE",Нет,0001-01-01,6616145002,Mono B,,,,2023-05-01 05:10:02,0
34,01008032,Смр Парк Хаус BALDININI,,Да,125,SAM-PH-BA,"САМАРА МОЛЛ ""ПАРК-ХАУС""",2006-10-21,САМАРА,BALDININI,Основной,Да,основная,Смр Парк Хаус BALDININI,Нет,2020-10-01,631945001,,,,,2023-03-10 17:26:12,0
35,01009030,Тлт Парк Хаус OUTLET BALDININI,,Да,30,TOL-PH-BA,"ТОЛЬЯТТИ OUTLET МОЛЛ ""ПАРК-ХАУС""",2005-12-17,ТОЛЬЯТТИ,BALDININI,Сток,Да,сток,"Тлт Парк Хаус OUTLET NO ONE, BALDININI",Нет,2021-02-24,632445001,,,,,2023-03-10 17:26:12,0
36,01011114,"Уфа РЦ  ""Планета"" Baldinini",,Да,123,UFA-PL-BA,"УФА ТРЦ  ""Планета""",2013-12-02,УФА,BALDININI,Основной,Да,основная,,Нет,2016-02-25,0,,,,,2023-03-20 05:10:01,0
37,01011153,САНКТ-ПЕТЕРБУРГ ПУЛКОВО OUTLET Baldinini,,Да,153,SPP-OT-BA,САНКТ-ПЕТЕРБУРГ ПУЛКОВО OUTLET,2016-08-15,САНКТ-ПЕТЕРБУРГ,BALDININI,Сток,Да,сток,СПб Пулково NO ONE,Нет,2017-09-10,0,,,,,2023-03-20 05:10:01,0
38,02001091,"Волгоград МОЛЛ ""ПАРК-ХАУС"" Ballin",,Да,47,VOL-PH-BL,"ВОЛГОГРАД МОЛЛ ""ПАРК-ХАУС""",2008-03-29,ВОЛГОГРАД,Ballin,Основной,Да,основная,"Влг Парк Хаус NO ONE, BALDININI, FABI",Нет,2013-07-01,344345001,,,,,2023-03-10 17:26:12,0
39,02002000,"Екатеринбург ""ПАССАЖ"" Ballin",,Да,169,EK-PAS-BL,"ЕКАТЕРИНБУРГ ""ПАССАЖ""",2018-08-01,ЕКАТЕРИНБУРГ,Ballin,Основной,Да,основная,,Нет,2018-08-13,0,,,,,2023-03-20 05:10:01,0
40,02004087,"Казань ТЦ ""Сувар - Плаза"" Ballin",,Да,87,KAZ-SP-BL,"КАЗАНЬ ТЦ ""Сувар - Плаза""",2011-05-06,КАЗАНЬ,Ballin,Основной,Да,основная,"Кзн Сувар Плаза NO ONE, BALDININI, FABI",Да,2019-07-30,0,,,,,2023-03-20 05:10:01,0
41,02006020,Мск ГУМ BALLIN,,Да,127,GUM-BL,МОСКВА ГУМ,2014-03-14,МОСКВА,Ballin,Основной,Да,основная,Мск ГУМ BALLIN,Нет,2020-03-11,772545007,,,,,2023-03-10 17:26:12,0
42,02006078,Москва ТРЦ VEGAS Ballin,,Да,78,VEG-BL,МОСКВА ТРЦ VEGAS,2010-06-01,МОСКВА,Ballin,Основной,Да,основная,"Мск Vegas BALDININI, FABI, PDB",Да,2019-07-30,500345001,,,,,2023-03-10 17:26:12,0
43,02006081,Москва Афимолл Сити Ballin,,Да,81,AFI-BL,МОСКВА Афимолл Сити,2011-03-12,МОСКВА,Ballin,Основной,Да,основная,,Нет,2014-12-01,0,,,,,2023-03-20 05:10:01,0
44,02006085,Москва ЕВРОПЕЙСКИЙ ТРЦ Ballin,,Да,85,EVR-BL,МОСКВА ЕВРОПЕЙСКИЙ ТРЦ,2010-12-10,МОСКВА,Ballin,Основной,Да,основная,,Нет,2015-09-01,0,,,,,2023-03-20 05:10:01,0
45,02006098,Москва АТРИУМ Ballin,,Да,157,ATR-BL,МОСКВА АТРИУМ,2012-07-16,МОСКВА,Ballin,Основной,Да,основная,Атриум Ballin,Нет,2019-02-28,0,,,,,2023-03-20 05:10:01,0
46,02006124,Москва Времена Года Ballin,,Да,124,VG-BL,МОСКВА Времена Года,2013-07-16,МОСКВА,Ballin,Основной,Да,основная,,Нет,2016-03-18,0,,,,,2023-03-20 05:10:01,0
47,02007084,"Ростов ТРК ""Мегацентр Горизонт"" Ballin",,Да,84,ROS-G-BL,"РОСТОВ-НА-ДОНУ ТРК ""Мегацентр Горизонт""",2010-12-11,РОСТОВ-НА-ДОНУ,Ballin,Основной,Да,основная,"Ростов-на-Дону, Горизонт Ballin",Да,2019-07-30,0,,,,SdID|Sex,2023-03-20 05:10:01,0
48,02008110,Самара Куйбышева108 Ballin,,Да,110,SAM-KB-BL,САМАРА Куйбышева,2013-04-10,САМАРА,Ballin,Основной,Да,основная,"Самара, Куйбышева Ballin",Нет,2019-03-22,0,,,,,2023-03-20 05:10:01,0
49,02009092,"Тольятти OUTLET МОЛЛ ""ПАРК-ХАУС"" Ballin",,Да,92,TOL-PH-BL,"ТОЛЬЯТТИ OUTLET МОЛЛ ""ПАРК-ХАУС""",2012-03-16,ТОЛЬЯТТИ,Ballin,Основной,Да,Тольятти- СТОК,,Нет,2016-02-26,0,,,,,2023-03-20 05:10:01,0
50,02011122,"Уфа РЦ  ""Планета"" Ballin",,Да,123,UFA-PL-BL,"УФА ТРЦ  ""Планета""",2013-12-02,УФА,Ballin,Основной,Да,основная,,Нет,2016-02-25,0,,,,,2023-03-20 05:10:01,0
51,03000000,Мск интернет-магазин Тверская 12 Braccialini,,Да,,ONLINE TV12-BR,МОСКВА Интернет-магазин,2017-06-23,МОСКВА,Интернет-магазин,Интернет-торговля,Нет,,,Нет,0001-01-01,105,,,,,2023-03-20 05:10:01,0
52,03001050,"Волгоград МОЛЛ ""ПАРК-ХАУС"" Braccialini",,Да,47,VOL-PH-BR,"ВОЛГОГРАД МОЛЛ ""ПАРК-ХАУС""",2008-03-29,ВОЛГОГРАД,Braccialini,Основной,Да,основная,,Нет,2019-09-01,0,,,,,2023-03-20 05:10:01,0
53,03004045,"Казань МОЛЛ ""ПАРК-ХАУС"" Braccialini",,Да,45,KAZ-PH-BR,"КАЗАНЬ МОЛЛ ""ПАРК-ХАУС""",2007-12-25,КАЗАНЬ,Braccialini,Сток,Да,Казань СТОК,,Нет,2016-03-28,0,,,,,2023-03-20 05:10:01,0
54,03005049,"Красноярск ТДЦ  ""Планета"" Braccialini",,Да,49,KRK-PL-BR,"КРАСНОЯРСК ТДЦ  ""Планета""",2008-05-05,КРАСНОЯРСК,Braccialini,Основной,Да,Красноярск Baldinini,,Нет,2018-02-20,0,,,,,2023-03-20 05:10:01,0
55,03006035,Москва ЕВРОПЕЙСКИЙ ТРЦ Braccialini,,Да,35,EVR-BR,МОСКВА ЕВРОПЕЙСКИЙ ТРЦ,2006-11-30,МОСКВА,Braccialini,Основной,Да,основная,,Нет,2017-03-01,0,,,,,2023-03-20 05:10:01,0
56,03006043,Москва АТРИУМ Braccialini,,Да,43,ATR-BR,МОСКВА АТРИУМ,2007-08-10,МОСКВА,Braccialini,Основной,Да,основная,,Нет,2016-09-20,0,,,,,2023-03-20 05:10:01,0
57,03006056,Москва МЕТРОПОЛИС Braccialini,,Да,56,METR-BR,МОСКВА МЕТРОПОЛИС,2009-01-31,МОСКВА,Braccialini,Основной,Да,основная,,Нет,2014-05-03,0,,,,,2023-03-20 05:10:01,0
58,03006057,Москва Тверская 12 Braccialini,,Да,57,TV12-BR,МОСКВА Тверская 12,2008-09-21,МОСКВА,Braccialini,Основной,Да,основная,Мск Тверская 12 BRACCIALINI,Нет,2019-08-31,0,,,,,2023-03-20 05:10:01,0
59,03006080,Склад 2,,Нет,2000,Склад 2,,,,,Прочие склады,,,,,,,,,,,2023-03-10 17:26:12,0
60,03006082,Москва Афимолл Сити Braccialini,,Да,82,AFI-BR,МОСКВА Афимолл Сити,2011-03-12,МОСКВА,Braccialini,Основной,Да,основная,,Нет,2014-12-01,0,,,,,2023-03-20 05:10:01,0
61,03006129,Москва ГУМ Braccialini,,Да,129,GUM-BR,МОСКВА ГУМ,2014-12-02,МОСКВА,Braccialini,Основной,Да,основная,,Нет,2016-10-01,0,,,,,2023-03-20 05:10:01,0
62,03007067,РОСТОВ-НА-ДОНУ Мегацентр Горизонт OUTLET Braccialini,,Да,67,ROS-G-BR,"РОСТОВ-НА-ДОНУ ТРК ""Мегацентр Горизонт""",2009-04-08,РОСТОВ-НА-ДОНУ,Braccialini,Сток,Да,Cток (регионы),,Нет,2016-01-18,0,,,,SdID|Sex,2023-03-20 05:10:01,0
63,03008051,"Самара МОЛЛ ""ПАРК-ХАУС"" Braccialini",,Да,32,SAM-PH-BR,"САМАРА МОЛЛ ""ПАРК-ХАУС""",2006-10-21,САМАРА,Braccialini,Основной,Да,основная,,Нет,2017-02-21,0,,,,,2023-03-20 05:10:01,0
64,03011121,"Уфа РЦ  ""Планета"" Braccialini","Тольятти OUTLET МОЛЛ ""ПАРК-ХАУС"" Fabi",Да,121,UFA-PL-BR,"УФА ТРЦ  ""Планета""",2013-11-30,УФА,Braccialini,Основной,Да,основная регион,,Нет,2016-02-25,0,,,,,2023-03-20 05:10:01,0
65,04001047,Влг Парк Хаус FABI,,Да,47,VOL-PH-FA,"ВОЛГОГРАД МОЛЛ ""ПАРК-ХАУС""",2008-03-29,ВОЛГОГРАД,FABI,Основной,Да,основная,"Влг Парк Хаус NO ONE, BALDININI, FABI",Нет,0001-01-01,344345001,,,,,2023-03-20 05:10:01,0
66,04004037,"Казань OUTLET МОЛЛ ""ПАРК-ХАУС"" Fabi",,Да,37,KAZ-PH-OT-FA,"КАЗАНЬ МОЛЛ ""ПАРК-ХАУС""",2007-02-24,КАЗАНЬ,FABI,Сток,Да,Казань СТОК,,Нет,2016-03-28,0,,,,,2023-03-20 05:10:01,0
67,04004087,Кзн Сувар Плаза FABI,,Да,87,KAZ-SP-FA,"КАЗАНЬ ТЦ ""Сувар - Плаза""",2011-05-06,КАЗАНЬ,FABI,Основной,Да,основная,"Кзн Сувар Плаза NO ONE, BALDININI, FABI",Нет,2020-11-06,165545001,,,,,2023-03-10 17:26:12,0
68,04005048,Крск Планета FABI,,Да,48,KRK-PL-FA,"КРАСНОЯРСК ТДЦ  ""Планета""",2008-05-01,КРАСНОЯРСК,FABI,Основной,Да,основная,Крск Планета FABI,Нет,2021-04-01,246545001,Mono F,,,SdID|Sex,2023-03-10 17:26:12,0
69,04006003,Мск Капитолий Марьина Роща OUTLET NO ONE,,Да,3,SHER-OT-FA,МОСКВА КАПИТОЛИЙ на Шереметьевской,2003-05-16,МОСКВА,NO ONE,Сток,Да,сток,Мск Капитолий Марьина Роща OUTLET NO ONE,Нет,0001-01-01,772545010,,,,,2023-03-20 05:10:01,0
70,04006004,Мск Тверская 6 FABI,,Да,4,TV6-FA,МОСКВА Тверская 6,2003-05-20,МОСКВА,FABI,Основной,Нет,основная,Мск Тверская 6 FABI,Нет,0001-01-01,772545009,Mono F,,,SdID,2023-03-20 05:10:01,0
71,04006011,Москва КАПИТОЛИЙ на Каширском Fabi,,Да,11,KASH-FA,МОСКВА КАПИТОЛИЙ на Каширском,2003-05-26,МОСКВА,FABI,Сток,Да,сток,,Нет,2015-09-01,0,,,,,2023-03-20 05:10:01,0
72,04006012,Москва КАПИТОЛИЙ на Миклухо-Маклая Fabi,,Да,12,BEL-OT-FA,МОСКВА OUTLET КАПИТОЛИЙ на Миклухо-Маклая,2003-05-26,МОСКВА,FABI,Сток,Да,основная,,Нет,0001-01-01,0,,,,,2023-03-20 05:10:01,0
73,04006015,Москва КРОКУС СИТИ МОЛЛ Fabi,,Да,15,CROC-FA,МОСКВА КРОКУС СИТИ МОЛЛ,2003-11-15,МОСКВА,FABI,Основной,Да,основная,Крокус Сити Fabi,Нет,2018-02-22,0,,,,,2023-03-20 05:10:01,0
74,04006020,Москва ГУМ Fabi (старый),,Да,20,GUM-FA,МОСКВА ГУМ,2004-04-10,МОСКВА,FABI,Основной,Да,основная,,Нет,2017-08-10,0,,,,,2023-03-20 05:10:01,0
75,04006034,Мск Европейский FABI,,Да,189,EVR-FA,МОСКВА ЕВРОПЕЙСКИЙ ТРЦ,2006-11-03,МОСКВА,FABI,Основной,Да,основная,"Мск Европейский BALDININI, FABI",Нет,2021-02-24,772545012,Mono F,,,SdID|Sex,2023-03-10 17:26:12,0
76,04006036,Мск Капитолий Вернадского FABI,,Да,184,VERN-FA,МОСКВА КАПИТОЛИЙ на Вернадского,2006-12-02,МОСКВА,FABI,Основной,Да,основная,"Мск Капитолий Вернадского NO ONE, FABI",Нет,2020-10-01,772545008,,,,,2023-03-10 17:26:12,0
77,04006040,Мск Атриум FABI,,Да,40,ATR-FA,МОСКВА АТРИУМ,2007-08-24,МОСКВА,FABI,Основной,Да,основная,Мск Атриум FABI,Нет,2021-02-24,772545002,Mono F,,,SdID|Sex,2023-03-10 17:26:12,0
78,04006078,Мск Vegas FABI,,Да,78,VEG-FA,МОСКВА ТРЦ VEGAS,2010-06-01,МОСКВА,FABI,Основной,Да,основная,"Мск Vegas BALDININI, FABI, PDB",Нет,2020-08-31,500345001,,,,,2023-03-10 17:26:12,0
79,04006083,Москва Афимолл Сити Fabi,,Да,83,AFI-FA,МОСКВА Афимолл Сити,2011-03-11,МОСКВА,FABI,Основной,Да,основная,,Нет,2015-03-07,0,,,,,2023-03-20 05:10:01,0
80,04006095,Мск Белая Дача OUTLET FABI,,Да,95,BD-OT-FA,МОСКВА OUTLET ТЦ Белая Дача,2012-08-16,МОСКВА,FABI,Сток,Да,сток,Мск Белая Дача OUTLET NO ONE,Нет,2021-09-01,5502745001,Mono F,,,SdID|Sex,2023-03-10 17:26:12,0
81,04006112,Москва ЕРЕВАН ПЛАЗА Fabi,,Да,112,ER-FA,МОСКВА ЕРЕВАН ПЛАЗА,2013-08-02,МОСКВА,FABI,Основной,Да,основная,"Ереван Плаза Baldinini, Fabi",Нет,2018-12-26,772545013,,,,SdID,2023-03-10 17:26:12,0
82,04006117,Мск Fashion House OUTLET  FABI,,Да,117,FH-OT-FA,МОСКВА OUTLET FASHION HOUSE,2013-07-19,МОСКВА,FABI,Сток,Да,сток,Мск Fashion House NO ONE,Нет,2021-10-01,504445001,Mono F,,,SdID,2023-05-29 05:10:02,0
83,04006134,Мск ГУМ CASADEI,,Да,134,GUM-CA,МОСКВА ГУМ,2015-03-03,МОСКВА,CASADEI,Основной,Нет,основная,"Мск ГУМ CASADEI, NO ONE UOMO",Нет,0001-01-01,772545007,Mono,,,,2023-03-20 05:10:01,0
84,04006167,Мск Европейский CASADEI,,Да,167,EVR-CA,МОСКВА ЕВРОПЕЙСКИЙ ТРЦ,2017-12-05,МОСКВА,CASADEI,Основной,Да,основная,"Мск Европейский CASADEI, POLLINI, PDB",Нет,2021-02-24,772545012,,,,SdID|Sex,2023-03-10 17:26:12,0
85,04007061,РнД Горизонт  FABI,,Да,264,ROS-G-FA,"РОСТОВ-НА-ДОНУ ТРК ""Мегацентр Горизонт""",2008-12-04,РОСТОВ-НА-ДОНУ,FABI,Основной,Нет,основная,"РнД Горизонт BALDININI, FABI, NO ONE",Нет,0001-01-01,6616145002,Mono F,,,,2023-05-01 05:10:02,0
86,04008032,Смр Парк Хаус  FABI,,Да,32,SAM-PH-FA,"САМАРА МОЛЛ ""ПАРК-ХАУС""",2006-10-21,САМАРА,FABI,Основной,Да,основная,"Смр Парк Хаус NO ONE, FABI",Нет,2020-10-01,631945001,,,,,2023-03-10 17:26:12,0
87,04009030,"Тольятти OUTLET МОЛЛ ""ПАРК-ХАУС"" Fabi",,Да,30,TOL-PH-FA,"ТОЛЬЯТТИ OUTLET МОЛЛ ""ПАРК-ХАУС""",2005-12-17,ТОЛЬЯТТИ,FABI,Сток,Да,сток,"Тлт Парк Хаус OUTLET NO ONE, BALDININI",Нет,2019-09-01,632445001,,,,,2023-03-10 17:26:12,0
88,04011120,"Уфа РЦ  ""Планета"" Fabi",,Да,123,UFA-PL-FA,"УФА ТРЦ  ""Планета""",2013-12-02,УФА,FABI,Основной,Да,основная,,Нет,2016-02-25,0,,,,,2023-03-20 05:10:01,0
89,05002000,"Екатеринбург ""ПАССАЖ"" Fabi",,Да,169,EK-PAS-FA,"ЕКАТЕРИНБУРГ ""ПАССАЖ""",2018-08-01,ЕКАТЕРИНБУРГ,FABI,Основной,Да,основная,,Нет,2018-08-13,0,,,,,2023-03-20 05:10:01,0
90,05006073,Мск Малая Бронная 24 GIUSEPPE ZANOTTI,,Да,73,BRON-GZ,МОСКВА Малая Бронная 24,2009-08-26,МОСКВА,Giuseppe Zanotti,Основной,Да,основная,Мск Малая Бронная 24 GIUSEPPE ZANOTTI,Нет,2020-12-31,0,,,,,2023-03-20 05:10:01,0
91,05006142,Мск Vnukovo OUTLET FABI,,Да,142,VN-FA,МОСКВА ВНУКОВО OUTLET,2015-06-10,МОСКВА,FABI,Сток,Да,сток,Мск Vnukovo OUTLET NO ONE,Нет,2021-07-01,775145001,Mono F,,,SdID|Sex,2023-03-10 17:26:12,0
92,05006165,Мск ГУМ  FABI,,Да,165,GUM-F,МОСКВА ГУМ,2017-08-04,МОСКВА,FABI,Основной,Нет,основная,Мск ГУМ FABI,Нет,0001-01-01,772545007,Mono F,,,,2023-03-20 05:10:01,0
93,06002072,"Екатеринбург ТЦ ""ЕВРОПА"" NO ONE","Казань OUTLET МОЛЛ ""ПАРК-ХАУС"" NOONE",Да,72,EK-EVR-NO,"ЕКАТЕРИНБУРГ ТЦ ""ЕВРОПА""",2009-10-21,ЕКАТЕРИНБУРГ,NO ONE,Основной,Да,основная регион,,Нет,2016-02-29,0,,,,,2023-03-20 05:10:01,0
94,06002090,Екб Гринвич NO ONE,,Да,90,EK-GRIN-NO,"ЕКАТЕРИНБУРГ ТЦ ""ГРИНВИЧ""",2011-12-26,ЕКАТЕРИНБУРГ,NO ONE,Основной,Нет,основная,Екб Гринвич NO ONE,Нет,0001-01-01,667145001,Multi,,,,2023-03-20 05:10:01,0
95,06004037,"Казань OUTLET МОЛЛ ""ПАРК-ХАУС"" NOONE",,Да,37,KAZ-PH-OT-NO,"КАЗАНЬ МОЛЛ ""ПАРК-ХАУС""",2007-02-24,КАЗАНЬ,NO ONE,Сток,Да,Казань СТОК,,Нет,2016-03-28,0,,,,,2023-03-20 05:10:01,0
96,06004087,Кзн Сувар Плаза NO ONE,,Да,87,KAZ-SP-NO,"КАЗАНЬ ТЦ ""Сувар - Плаза""",2011-05-06,КАЗАНЬ,NO ONE,Основной,Да,основная,"Кзн Сувар Плаза NO ONE, BALDININI, FABI",Нет,2020-11-06,165545001,,,,,2023-03-10 17:26:12,0
97,06006006,Москва NO ONE КУТУЗОВСКИЙ NO ONE,,Да,6,KUT-NO,МОСКВА NO ONE КУТУЗОВСКИЙ,2003-05-17,МОСКВА,NO ONE,Основной,Да,основная,,Нет,2016-02-29,0,,,,,2023-03-20 05:10:01,0
98,06006020,Мск ГУМ NO ONE,,Да,20,GUM-NO,МОСКВА ГУМ,2004-04-10,МОСКВА,NO ONE,Основной,Да,основная,Мск ГУМ NO ONE DONNA,Нет,2023-05-14,772545007,Multi,,,,2023-05-15 05:10:01,0
99,06006038,Москва ЕВРОПЕЙСКИЙ ТРЦ NO ONE (старый),"Екатеринбург ТЦ ""ЕВРОПА"" Baldinini",Да,38,EVR-NO-OLD,МОСКВА ЕВРОПЕЙСКИЙ ТРЦ,2007-03-01,МОСКВА,NO ONE,Основной,Да,основная,,Нет,2015-07-31,0,,,,,2023-03-20 05:10:01,0
100,06006053,Москва МЕТРОПОЛИС NO ONE (старый),,Да,53,METR-NO,МОСКВА МЕТРОПОЛИС,2009-01-31,МОСКВА,NO ONE,Основной,Да,основная,,Нет,2015-02-25,0,,,,,2023-03-20 05:10:01,0
101,06006060,Мск Новинский 28 OUTLET NO ONE,,Да,60,NOV-OT-NO,МОСКВА OUTLET Новинский,2008-11-26,МОСКВА,NO ONE,Сток,Нет,сток,Мск Новинский 28 OUTLET NO ONE,Нет,0001-01-01,772545006,Multi,,,,2023-03-20 05:10:01,0
102,06006080,Москва Афимолл Сити NO ONE,,Да,80,AFI-NO,МОСКВА Афимолл Сити,2011-03-12,МОСКВА,NO ONE,Основной,Да,основная,,Нет,2015-03-08,0,,,,,2023-03-20 05:10:01,0
103,06006094,Мск Белая Дача OUTLET NO ONE,,Да,94,BD-OT-NO,МОСКВА OUTLET ТЦ Белая Дача,2012-08-16,МОСКВА,NO ONE,Сток,Да,сток,Мск Белая Дача OUTLET NO ONE,Нет,2021-09-01,5502745001,Multi,,,SdID|Sex,2023-03-10 17:26:12,0
104,06006099,Москва АТРИУМ NO ONE,,Да,99,ATR-NO,МОСКВА АТРИУМ,2012-08-01,МОСКВА,NO ONE,Основной,Да,основная,,Нет,2016-11-01,772545002,,,,,2023-03-10 17:26:12,0
105,06006115,Мск Fashion House OUTLET NO ONE,,Да,115,FH-OT-NO,МОСКВА OUTLET FASHION HOUSE,2013-07-19,МОСКВА,NO ONE,Сток,Да,сток,Мск Fashion House NO ONE,Нет,2021-10-01,504445001,Multi,,,SdID,2023-05-29 05:10:02,0
106,06006132,Мск ГУМ GIUSEPPE ZANOTTI,,Да,131,GUM-GZ,МОСКВА ГУМ,2015-03-17,МОСКВА,Giuseppe Zanotti,Основной,Да,основная,"Мск ГУМ GIUSEPPE ZANOTTI, SERGIO ROSSI",Нет,2021-02-26,772545007,Mono,,,SdID,2023-03-10 17:26:12,0
107,06006201,Мск Малая Бронная OUTLET NO ONE LUX,,Да,201,BRONLUX-OT-NO,МОСКВА Малая Бронная OUTLET ,2019-12-17,МОСКВА,NO ONE,Сток,Да,сток,Мск Малая Бронная 24 POP-UP OUTLET LUX NO ONE ,Нет,2020-02-29,442545005,,,,,2023-03-20 05:10:01,0
108,06007054,РнД Горизонт NO ONE DONNA,,Да,263,ROS-G-NOD,"РОСТОВ-НА-ДОНУ ТРК ""Мегацентр Горизонт""",2008-12-20,РОСТОВ-НА-ДОНУ,NO ONE,Основной,Нет,основная,"РнД Горизонт BALDININI, FABI, NO ONE",Нет,0001-01-01,6616145002,Multi,,Ж,,2023-05-01 05:10:02,0
109,06008026,Смр Куйбышева108 NO ONE,,Да,26,SAM-KB-NO,САМАРА NO ONE Куйбышева,2005-03-07,САМАРА,NO ONE,Основной,Нет,основная,Смр Куйбышева 108 NO ONE,Нет,0001-01-01,631745001,Multi,,,,2023-03-20 05:10:01,0
110,06008069,Смр Чапаевская 187 OUTLET NO ONE,,Да,69,SAM-OT-NO,САМАРА OUTLET Чапаевская,2009-04-09,САМАРА,NO ONE,Сток,Нет,сток,Смр Чапаевская 187 OUTLET NO ONE,Нет,0001-01-01,631545002,Multi,,,,2023-03-20 05:10:01,0
111,06008075,"Самара ТЦ ""INCUBE"" NO ONE",,Да,75,SAM-IC-OT-NO,"САМАРА ТЦ ""INCUBE""",2009-11-21,САМАРА,NO ONE,Сток,Да,сток,"Самара, Инкуб OUTLET No one",Нет,2019-03-04,0,,,,,2023-03-20 05:10:01,0
112,06010096,Кдр OZ Mall NO ONE,,Да,96,KRR-OZ-NO,КРАСНОДАР OZ MALL,2012-08-15,КРАСНОДАР,NO ONE,Основной,Нет,основная,Кдр OZ Mall NO ONE,Нет,0001-01-01,231245001,Multi,,,,2023-03-20 05:10:01,0
113,06011123,Уфа Планета NO ONE,,Да,123,UFA-PL-NO,"УФА ТРЦ  ""Планета""",2013-12-02,УФА,NO ONE,Основной,Нет,основная,Уфа Планета NO ONE,Нет,0001-01-01,27645001,Multi,,,,2023-03-20 05:10:01,0
114,06107104,РнД Горизонт NO ONE UOMO,,Да,263,ROS-G-NOU,"РОСТОВ-НА-ДОНУ ТРК ""Мегацентр Горизонт""",2012-08-31,РОСТОВ-НА-ДОНУ,NO ONE,Основной,Нет,основная,"РнД Горизонт BALDININI, FABI, NO ONE",Нет,0001-01-01,616145002,Multi,,М,,2023-05-01 05:10:02,0
115,07001047,Влг Парк Хаус NO ONE,,Да,215,VOL-PH-NO,"ВОЛГОГРАД МОЛЛ ""ПАРК-ХАУС""",2015-11-01,ВОЛГОГРАД,NO ONE,Основной,Нет,основная,Влг Парк Хаус NO ONE,Нет,0001-01-01,344345001,Multi,,,,2023-03-20 05:10:01,0
116,07001787,Кдр Интернет-Магазин Яндекс Такси,,Да,790,ONLINEYAKDR,КРАСНОДАР OZ MALL,2021-01-18,КРАСНОДАР,Интернет-магазин,Интернет-торговля,Нет,основная,,Нет,0001-01-01,105,Online,,,,2023-03-20 05:10:01,0
117,07002000,ЕКАТЕРИНБУРГ Пассаж  NO ONE,,Да,169,EK-PAS-NO,"ЕКАТЕРИНБУРГ ""ПАССАЖ""",2018-08-01,ЕКАТЕРИНБУРГ,NO ONE,Основной,Да,основная руб.,,Нет,2018-12-31,667145001,,,,,2023-03-10 17:26:12,0
118,07002090,"Екатеринбург ТЦ ""ГРИНВИЧ"" NO ONE",,Да,90,EK-GRIN,"ЕКАТЕРИНБУРГ ТЦ ""ГРИНВИЧ""",2018-08-01,ЕКАТЕРИНБУРГ,NO ONE,Основной,Да,основная,,Нет,2019-01-14,0,,,,,2023-03-20 05:10:01,0
119,07002173,Екб Brands Stories OUTLET NO ONE,,Да,173,EK-OT-NO,ЕКАТЕРИНБУРГ OUTLET CENTER,2019-03-06,ЕКАТЕРИНБУРГ,NO ONE,Сток,Нет,сток,Екб Brands' Stories OUTLET NO ONE,Нет,0001-01-01,667945001,Multi,,,,2023-03-20 05:10:01,0
120,07002272,Екб Brands Stories  ПУНКТ СМВ NO ONE,,Да,272,EKN-NOONE,ЕКАТЕРИНБУРГ OUTLET CENTER,2022-12-27,ЕКАТЕРИНБУРГ,NO ONE,Основной,Нет,основная,Екб Brands' Stories OUTLET NO ONE,Нет,0001-01-01,667945001,Multi,,,,2023-03-20 05:10:01,0
121,07002788,Екб  Интернет-Магазин Яндекс Такси,,Да,788,ONLINEYAEKT,"ЕКАТЕРИНБУРГ ТЦ ""ГРИНВИЧ""",2021-01-18,ЕКАТЕРИНБУРГ,Интернет-магазин,Интернет-торговля,Нет,основная,,Нет,0001-01-01,105,Online,,,,2023-03-20 05:10:01,0
122,07003251,Кзн KAZAN MALL NO ONE ON LINE,,Да,251,KZ-ONLINE,"КАЗАНЬ ТЦ ""KAZAN MALL""",2021-10-18,КАЗАНЬ,NO ONE,Основной,Нет,основная,,Нет,0001-01-01,105,Multi,,,,2023-03-20 05:10:01,0
123,07003789,Кзн  Интернет-Магазин Яндекс Такси,,Да,789,ONLINEYAKZN,МОСКВА Интернет-магазин,2021-01-18,КАЗАНЬ,Интернет-магазин,Интернет-торговля,Нет,основная,,Нет,0001-01-01,105,Online,,,,2023-03-20 05:10:01,0
124,07004103,"Казань ТЦ ""Сувар - Плаза"" Vicini",,Да,103,KAZ-SP-VI,"КАЗАНЬ ТЦ ""Сувар - Плаза""",2012-08-01,КАЗАНЬ,Vicini,Основной,Да,основная регион,,Нет,2016-02-27,0,,,,,2023-03-20 05:10:01,0
125,07005000,Крск Планета NO ONE,,Да,166,KRK-PL-NO,"КРАСНОЯРСК ТДЦ  ""Планета""",2017-10-20,КРАСНОЯРСК,NO ONE,Основной,Да,основная,Крск Планета NO ONE (old),Нет,2021-04-01,246545001,Multi,,,SdID|Sex,2023-03-10 17:26:12,0
126,07005231,Крск Планета NO ONE DONNA,,Да,231,KRK-PL-NO-DO,"КРАСНОЯРСК ТДЦ  ""Планета""",2021-04-01,КРАСНОЯРСК,NO ONE,Основной,Нет,основная,Крск Планета NO ONE,Нет,0001-01-01,246545001,Multi,,Ж,,2023-03-20 05:10:01,0
127,07005232,Крск Планета NO ONE UOMO,,Да,232,KRK-PL-NO-UO,"КРАСНОЯРСК ТДЦ  ""Планета""",2021-04-01,КРАСНОЯРСК,NO ONE,Основной,Нет,основная,Крск Планета NO ONE,Нет,0001-01-01,246545001,Multi,,М,,2023-03-20 05:10:01,0
128,07005791,Крск  Интернет-Магазин Яндекс Такси,,Да,791,ONLINEYAKRSK,"КРАСНОЯРСК ТДЦ  ""Планета""",2021-01-18,КРАСНОЯРСК,Интернет-магазин,Интернет-торговля,Нет,основная,,Нет,0001-01-01,105,Online,,,,2023-03-20 05:10:01,0
129,07006001,Мск Капитолий Вернадского NO ONE,,Да,184,VERN-NO,МОСКВА КАПИТОЛИЙ на Вернадского,2019-04-01,МОСКВА,NO ONE,Основной,Да,основная,"Мск Капитолий Вернадского NO ONE, FABI",Нет,2020-10-01,772545008,,,,,2023-03-10 17:26:12,0
130,07006004,Мск Тверская 6 No One pop up,,Да,4,TV6-NO-POPUP,МОСКВА Тверская 6,2020-05-29,МОСКВА,NO ONE,Основной,Да,основная,,Нет,0001-01-01,0,,,,,2023-03-20 05:10:01,0
131,07006020,Москва ГУМ Vicini,,Да,20,GUM-VI,МОСКВА ГУМ,2004-04-10,МОСКВА,Vicini,Основной,Да,основная,,Нет,2017-08-31,0,,,,,2023-03-20 05:10:01,0
132,07006023,Мск Тверская 12 БРАК,,Да,23,TV12-brak,МОСКВА Подвал Тверской,2022-04-01,МОСКВА,NO ONE,Браки,Нет,Реклама,Мск Тверская 12 БРАК,Нет,0001-01-01,0,Multi,,,,2023-03-20 05:10:01,0
133,07006037,Мск Орджоникидзе OUTLET NO ONE,,Да,174,ORDJ-OT-NO,МОСКВА OUTLET Орджоникидзе,2019-03-29,МОСКВА,NO ONE,Сток,Да,сток,Мск Орджоникидзе OUTLET NO ONE,Нет,2020-03-20,772545020,,,,,2023-03-10 17:26:12,0
134,07006038,Москва ЕВРОПЕЙСКИЙ ТРЦ Vicini,,Да,38,EVR-VI,МОСКВА ЕВРОПЕЙСКИЙ ТРЦ,2007-03-01,МОСКВА,Vicini,Основной,Да,основная,,Нет,2015-07-31,0,,,,,2023-03-20 05:10:01,0
135,07006078,Мск Vegas NO ONE,,Да,78,VEG-NO,МОСКВА ТРЦ VEGAS,2020-01-19,МОСКВА,NO ONE,Основной,Да,основная,"Мск Vegas BALDININI, FABI, PDB",Нет,2020-08-31,0,,,,,2023-03-20 05:10:01,0
136,07006098,Москва АТРИУМ Vicini,,Да,98,ATR-VI,МОСКВА АТРИУМ,2012-07-16,МОСКВА,Vicini,Основной,Да,основная,,Нет,2016-07-01,0,,,,,2023-03-20 05:10:01,0
137,07006101,Москва Времена Года Vicini,,Да,101,VG-VI,МОСКВА Времена Года,2012-08-10,МОСКВА,Vicini,Основной,Да,основная,,Нет,2016-01-22,0,,,,,2023-03-20 05:10:01,0
138,07006118,Мск Райкин Плаза NO ONE,,Да,208,RP-NO,МОСКВА Райкин Плаза,2020-01-19,МОСКВА,NO ONE,Основной,Нет,основная,Мск Райкин Плаза NO ONE,Нет,0001-01-01,772545011,Multi,,,,2023-03-20 05:10:01,0
139,07006128,Мск БРАК ,,Да,128,BR-NO,,2021-01-01,МОСКВА,NO ONE,Основной,Нет,основная,,Да,0001-01-01,0,,,,,2023-03-20 05:10:01,0
140,07006138,Мск Смоленский Пассаж NO ONE,,Да,139,SM-PS-NO,МОСКВА Смоленский Пассаж,2015-04-30,МОСКВА,NO ONE,Основной,Да,основная,Мск Смоленский Пассаж NO ONE,Нет,2020-10-30,772545014,,,,,2023-03-10 17:26:12,0
141,07006140,Мск PRESENT,,Да,140,PRE-NO,,2021-01-01,МОСКВА,NO ONE,Основной,Нет,основная,,Да,0001-01-01,0,Multi,,,,2023-03-20 05:10:01,0
142,07006141,Мск Vnukovo OUTLET NO ONE,,Да,141,VN-NO,МОСКВА ВНУКОВО OUTLET,2015-06-10,МОСКВА,NO ONE,Сток,Да,сток,Мск Vnukovo OUTLET NO ONE,Нет,2021-07-01,775145001,Multi,,,SdID|Sex,2023-03-10 17:26:12,0
143,07006144,Мск Весна NO ONE,,Да,144,VES-NO,МОСКВА ВЕСНА,2015-09-01,МОСКВА,NO ONE,Основной,Нет,основная,Мск Весна NO ONE,Нет,0001-01-01,772545015,Multi,,,,2023-03-20 05:10:01,0
144,07006146,Мск Европейский NO ONE,,Да,146,EVR-NO,МОСКВА ЕВРОПЕЙСКИЙ ТРЦ,2015-10-23,МОСКВА,NO ONE,Основной,Да,основная,Мск Европейский NO ONE,Нет,2021-02-26,772545012,Multi,,,SdID|Sex,2023-03-10 17:26:12,0
145,07006154,Мск Цветной NO ONE,,Да,154,TSV-NO,"МОСКВА Универмаг ""Цветной""",2016-08-10,МОСКВА,NO ONE,Основной,Да,основная,Мск Цветной NO ONE,Нет,2020-02-24,0,,,,,2023-03-20 05:10:01,0
146,07006158,Мск Атриум Склад,,Да,158,ATR-NO-SKL,МОСКВА АТРИУМ,0001-01-01,МОСКВА,NO ONE,Основной,Нет,основная,Мск Атриум СКЛАД,Нет,0001-01-01,0,,,,,2023-03-20 05:10:01,0
147,07006159,Мск Атриум NO ONE UOMO,,Да,159,ATR-NO-U,МОСКВА АТРИУМ,2016-10-29,МОСКВА,NO ONE,Основной,Нет,основная,"Мск Атриум BALDININI, NO ONE",Нет,0001-01-01,772545002,Multi,,М,,2023-03-20 05:10:01,0
148,07006160,Мск Атриум NO ONE DONNA,,Да,160,ATR-NO-D,МОСКВА АТРИУМ,2016-10-29,МОСКВА,NO ONE,Основной,Нет,основная,"Мск Атриум BALDININI, NO ONE",Нет,0001-01-01,772545002,Multi,,Ж,,2023-03-20 05:10:01,0
149,07006161,Мск Метрополис NO ONE,,Да,161,MET-NO,МОСКВА МЕТРОПОЛИС,2017-03-08,МОСКВА,NO ONE,Основной,Нет,основная,Мск Метрополис NO ONE,Нет,0001-01-01,772545019,Multi,,,,2023-03-20 05:10:01,0
150,07006163,Москва Киевский NOONE2,,Да,163,EVR-NO2,Москва Киевская площадь,2017-03-09,МОСКВА,NO ONE,Сток,Да,основная,,Нет,2017-07-01,0,,,,,2023-03-20 05:10:01,0
151,07006179,Мск Ереван Плаза NO ONE(старый),,Да,179,ER-NO,МОСКВА ЕРЕВАН ПЛАЗА,2018-12-26,МОСКВА,NO ONE,Основной,Да,основная,"Мск Ереван Плаза NO ONE, BALDININI",Нет,2021-02-20,772545013,Multi,,,SdID,2023-03-10 17:26:12,0
152,07006187,Мск Шереметьевская Pop up OUTLET Noone,,Да,187,POP UP-OT-NO,МОСКВА  Шереметьевская Pop up,2019-07-16,МОСКВА,NO ONE,Сток,Да,сток,,Да,2019-09-04,0,,,,,2023-03-20 05:10:01,0
153,07006200,Мск Океания NO ONE,,Да,200,OKEAN-NO,МОСКВА Океания,2019-10-23,МОСКВА,NO ONE,Основной,Нет,основная,,Нет,0001-01-01,0,,,,,2023-03-20 05:10:01,0
154,07006202,Кзн KAZAN MALL NO ONE,,Да,202,KAZ-ML-NO,"КАЗАНЬ ТЦ ""KAZAN MALL""",2020-10-01,КАЗАНЬ,NO ONE,Основной,Нет,основная,Кзн KAZAN MALL NO ONE,Нет,0001-01-01,165945001,Multi,,,,2023-03-20 05:10:01,0
155,07006205,Мск Тверская 12 OUTLET NO ONE,,Да,205,TV12-OT-NO,МОСКВА Тверская 12 OUTLET ,2020-03-13,МОСКВА,NO ONE,Сток,Да,сток,Мск Тверская 12 OUTLET NO ONE  ,Нет,0001-01-01,772545003,,,,,2023-03-20 05:10:01,0
156,07006211,Мск Novaya Riga ПУНКТ СМВ NO ONE,,Да,211,NR-NOONE,МОСКВА OUTLET Рига,2020-09-07,МОСКВА,NO ONE,Основной,Нет,основная,Мск Novaya Riga NO ONE,Нет,0001-01-01,501745001,Multi,,,,2023-03-20 05:10:01,0
157,07006212,Мск Капитолий Вернадского NO ONE DONNA,,Да,212,VER-NO-DONNA,МОСКВА КАПИТОЛИЙ на Вернадского,2020-09-10,МОСКВА,NO ONE,Основной,Нет,основная,Мск Капитолий Вернадского NO ONE,Нет,0001-01-01,772545008,Multi,,Ж,,2023-03-20 05:10:01,0
158,07006213,Мск Капитолий Вернадского NO ONE UOMO,,Да,212,VER-NO-UOMO,МОСКВА КАПИТОЛИЙ на Вернадского,2020-09-10,МОСКВА,NO ONE,Основной,Нет,основная,Мск Капитолий Вернадского NO ONE,Нет,0001-01-01,0,Multi,,М,,2023-03-20 05:10:01,0
159,07006217,Мск Vnukovo ПУНКТ СМВ NO ONE,,Да,217,VN-NOONE,МОСКВА ВНУКОВО OUTLET,2020-10-07,МОСКВА,NO ONE,Основной,Нет,основная,Мск Vnukovo OUTLET NO ONE,Нет,0001-01-01,775145001,Multi,,,,2023-03-20 05:10:01,0
160,07006218,Мск Белая Дача ПУНКТ СМВ NO ONE,,Да,218,BD-NOONE,МОСКВА OUTLET ТЦ Белая Дача,2020-10-07,МОСКВА,NO ONE,Основной,Нет,основная,Мск Белая Дача OUTLET NO ONE,Нет,0001-01-01,5502745001,Multi,,,,2023-03-20 05:10:01,0
161,07006219,Мск Fashion House ПУНКТ СМВ  NO ONE,,Да,219,FH-NOONE,МОСКВА OUTLET FASHION HOUSE,2020-10-07,МОСКВА,NO ONE,Основной,Нет,основная,Мск Fashion House NO ONE,Нет,0001-01-01,504445001,Multi,,,,2023-05-29 05:10:02,0
162,07006220,Мск интернет-магазин PICK POINT,,Да,220,ONLINE POINT,МОСКВА Интернет-магазин,2020-11-03,МОСКВА,Интернет-магазин,Интернет-торговля,Нет,основная,,Нет,0001-01-01,105,Online,,,,2023-03-20 05:10:01,0
163,07006221,Мск ГУМ NO ONE Prive,,Да,221,GUM-PRIVE,МОСКВА ГУМ,2021-01-11,МОСКВА,NO ONE,Основной,Нет,основная,Мск ГУМ PRIVE NO ONE,Нет,0001-01-01,772545007,Multi,,,,2023-05-01 05:10:02,0
164,07006223,Мск Европейский NO ONE DONNA,,Да,222,EVR-NO-DONNA,МОСКВА ЕВРОПЕЙСКИЙ ТРЦ,2021-01-20,МОСКВА,NO ONE,Основной,Нет,основная,"Мск Европейский BALDININI, NO ONE DONNA, NO ONE UO",Нет,0001-01-01,772545012,Multi,,Ж,,2023-05-01 05:10:02,0
165,07006224,Мск Европейский NO ONE UOMO,,Да,223,EVR-NO-UOMO,МОСКВА ЕВРОПЕЙСКИЙ ТРЦ,2021-01-20,МОСКВА,NO ONE,Основной,Нет,основная,"Мск Европейский BALDININI, NO ONE DONNA, NO ONE UO",Нет,0001-01-01,772545012,Multi,,М,,2023-05-01 05:10:02,0
166,07006227,Мск Смоленский Пассаж POP UP,,Да,227,SMP-PU,МОСКВА Смоленский Пассаж,2021-01-28,МОСКВА,NO ONE,Pop up,Нет,Pop up,Мск Смоленский Пассаж POP UP NO ONE,Нет,0001-01-01,771545015,Multi,,,,2023-03-20 05:10:01,0
167,07006229,Мск Ереван Плаза NO ONE DONNA,,Да,229,ER-NO-DO,МОСКВА ЕРЕВАН ПЛАЗА,2020-11-01,МОСКВА,NO ONE,Основной,Да,основная,Мск Ереван Плаза NO ONE,Нет,2021-09-10,772545013,Multi,,,SdID,2023-03-10 17:26:12,0
168,07006230,Мск Ереван Плаза NO ONE UOMO,,Да,230,ER-NO-UOMO,МОСКВА ЕРЕВАН ПЛАЗА,2020-11-01,МОСКВА,NO ONE,Основной,Да,основная,Мск Ереван Плаза NO ONE,Нет,2021-09-10,772545013,Multi,,М,SdID,2023-03-14 14:58:54,0
169,07006238,Мск Vnukovo OUTLET NO ONE UOMO,,Да,238,VN-NO-UOMO,МОСКВА ВНУКОВО OUTLET,2021-07-01,МОСКВА,NO ONE,Сток,Нет,сток,Мск Vnukovo OUTLET NO ONE,Нет,0001-01-01,775145001,Multi,,М,,2023-03-20 05:10:01,0
170,07006239,Мск Vnukovo OUTLET NO ONE DONNA,,Да,239,VN-NO-DONNA,МОСКВА ВНУКОВО OUTLET,2021-07-01,МОСКВА,NO ONE,Сток,Нет,сток,Мск Vnukovo OUTLET NO ONE,Нет,0001-01-01,775145001,Multi,,Ж,,2023-03-20 05:10:01,0
171,07006241,Мск POP UP Fashion House,,Да,241,FH-POP-UP,МОСКВА OUTLET FASHION HOUSE,2021-07-17,МОСКВА,NO ONE,Pop up,Нет,Pop up,Мск Fashion house POP UP NO ONE,Нет,0001-01-01,183,,,,,2023-05-29 05:10:02,0
172,07006242,Мск Белая Дача OUTLET NO ONE UOMO,,Да,242,BD-NO-UOMO,МОСКВА OUTLET ТЦ Белая Дача,2021-09-01,МОСКВА,NO ONE,Сток,Нет,сток,Мск Белая Дача OUTLET NO ONE,Нет,0001-01-01,5502745001,Multi,,М,,2023-03-20 05:10:01,0
173,07006243,Мск Белая Дача OUTLET NO ONE DONNA,,Да,243,BD-NO-DONNA,МОСКВА OUTLET ТЦ Белая Дача,2021-09-01,МОСКВА,NO ONE,Сток,Нет,сток,Мск Белая Дача OUTLET NO ONE,Нет,0001-01-01,5502745001,Multi,,Ж,,2023-03-20 05:10:01,0
174,07006246,Мск Капитолий Марьина Роща POP UP NO ONE,,Да,246,MR-NO-POP-UP,МОСКВА КАПИТОЛИЙ на Шереметьевской,2021-08-25,МОСКВА,NO ONE,Pop up,Нет,Pop up,Мск Капитолий Марьина Роща POP UP NO ONE,Нет,0001-01-01,772545021,,,,,2023-03-20 05:10:01,0
175,07006247,Мск Авиапарк NO ONE,,Да,247,AVI-NO,МОСКВА АВИАПАРК,2021-08-23,МОСКВА,NO ONE,Основной,Нет,основная,Мск Авиапарк NO ONE,Нет,0001-01-01,772545022,Multi,,,,2023-03-20 05:10:01,0
176,07006248,Мск Ереван Плаза NO ONE,,Да,248,ERP-NO,МОСКВА ЕРЕВАН ПЛАЗА,2021-09-01,МОСКВА,NO ONE,Основной,Нет,основная,Мск Ереван Плаза NO ONE,Нет,0001-01-01,772545013,Multi,,,,2023-03-20 05:10:01,0
177,07006249,"Мск Fashion House OUTLET NO ONE DONNA,UOMO",,Да,249,FH-OT-NOONE,МОСКВА OUTLET FASHION HOUSE,2021-10-01,МОСКВА,NO ONE,Сток,Нет,сток,Мск Fashion House NO ONE,Нет,0001-01-01,504445001,Multi,,,,2023-05-29 05:10:02,0
178,07006250,Мск Белая Дача POP UP NO ONE,,Да,250,BD-POP-UP,МОСКВА OUTLET ТЦ Белая Дача,2021-09-29,МОСКВА,NO ONE,Pop up,Нет,Pop up,Мск Белая Дача POP UP NO ONE,Нет,0001-01-01,550274501,Multi,,,,2023-03-20 05:10:01,0
179,07006252,Мск Новинский ПУНКТ СМВ NO ONE,,Да,252,NO-ONONE,МОСКВА OUTLET Новинский,2021-10-25,МОСКВА,NO ONE,Основной,Нет,основная,Мск Новинский 28 OUTLET NO ONE,Нет,0001-01-01,772545006,Multi,,,,2023-03-20 05:10:01,0
180,07006265,Мск Авиапарк POP UP,,Да,265,AV-PU,МОСКВА АВИАПАРК,2022-06-29,МОСКВА,NO ONE,Pop up,Нет,Pop up,,Нет,0001-01-01,0,,,,,2023-03-20 05:10:01,0
181,07006267,Мск Город Лефортово POP UP,,Да,267,LEF-NO-POP,МОСКВА ГОРОД ЛЕФОРТОВО,2022-08-01,МОСКВА,NO ONE,Pop up,Нет,Pop up LEF,Мск Город Лефортово POP UP NO ONE,Нет,0001-01-01,772545023,Multi,,,,2023-03-20 05:10:01,0
182,07006268,Мск Смоленский Пассаж OUTLET NO ONE,,Да,268,SMP-OT-NO,МОСКВА Смоленский Пассаж,2022-09-01,МОСКВА,NO ONE,Сток,Нет,сток,Мск Смоленский Пассаж OUTLET NO ONE ,Нет,0001-01-01,7771545015,Multi,,,,2023-03-20 05:10:01,0
183,07006270,Мск ГУМ NO ONE UOMO,,Да,270,GUM-NO-UOMO,МОСКВА ГУМ,2022-10-01,МОСКВА,NO ONE,Основной,Нет,основная,"Мск ГУМ CASADEI, NO ONE UOMO",Нет,0001-01-01,772545007,Multi,,М,,2023-05-22 05:10:00,0
184,07006271,Мск Смоленский Пассаж ПУНКТ СМВ NO ONE ,,Да,271,SM-NOONE,МОСКВА Смоленский Пассаж,2022-12-27,МОСКВА,NO ONE,Основной,Нет,основная,Мск Смоленский Пассаж OUTLET NO ONE ,Нет,0001-01-01,7771545015,Multi,,,,2023-03-20 05:10:01,0
185,07006273,Мск ГУМ NO ONE SPORT,,Да,273,GUM-NO-SP,МОСКВА ГУМ,2023-05-15,МОСКВА,NO ONE,Основной,Нет,основная,,Нет,0001-01-01,0,Multi,,,,2023-03-20 05:10:01,0
186,07006274,"Мск Тверская,12 POP UP",,Да,274,t12-POP-UP,МОСКВА Тверская 12,2023-03-22,МОСКВА,NO ONE,Pop up,Нет,Pop up,Мск Тверская 12 POP UP NO ONE,Нет,0001-01-01,772545003,Multi,,,,2023-04-10 05:10:01,0
187,07006276,Мск ГУМ NO ONE DONNA,,Да,276,GUM-NO-DONNA,МОСКВА ГУМ,2023-05-11,МОСКВА,NO ONE,Основной,Нет,основная,Мск ГУМ NO ONE DONNA,Нет,0001-01-01,772545007,Multi,,Ж,,2023-05-22 05:10:00,0
188,07006796,Мск интернет-магазин СДЭК,,Да,796,ONLINESDEK,МОСКВА Интернет-магазин,2022-03-01,МОСКВА,Интернет-магазин,Интернет-торговля,Нет,основная,,Нет,0001-01-01,105,Multi,,,,2023-03-20 05:10:01,0
189,07007054,"Ростов ТРК ""Мегацентр Горизонт"" Vicini",,Да,54,ROS-G-VI,"РОСТОВ-НА-ДОНУ ТРК ""Мегацентр Горизонт""",2008-12-20,РОСТОВ-НА-ДОНУ,Vicini,Основной,Да,основная,,Нет,2017-02-21,0,,,,SdID|Sex,2023-03-20 05:10:01,0
190,07007793,Рнд  Интернет-Магазин Яндекс Такси,,Да,793,ONLINEYARND,"РОСТОВ-НА-ДОНУ ТРК ""Мегацентр Горизонт""",2021-01-18,РОСТОВ-НА-ДОНУ,Интернет-магазин,Интернет-торговля,Нет,основная,,Нет,0001-01-01,105,Online,,,,2023-03-20 05:10:01,0
191,07008032,Смр Парк Хаус NO ONE,,Да,32,SAM-PH-NO,"САМАРА МОЛЛ ""ПАРК-ХАУС""",2017-01-19,САМАРА,NO ONE,Основной,Да,основная,"Смр Парк Хаус NO ONE, FABI",Нет,2020-10-01,631945001,,,,,2023-03-10 17:26:12,0
192,07008253,Смр Чапаевская 187  ПУНКТ СМВ NO ONE,,Да,253,SAM-NO,САМАРА OUTLET Чапаевская,2021-10-30,САМАРА,NO ONE,Основной,Нет,основная,Смр Чапаевская 187 OUTLET NO ONE,Нет,0001-01-01,631545002,Multi,,,,2023-03-20 05:10:01,0
193,07008258,Смр Чапаевская 187 POP UP NO ONE,,Да,258,SM-H-POPUP,САМАРА OUTLET Чапаевская,2021-12-29,САМАРА,NO ONE,Pop up,Нет,Pop up,Смр Чапаевская 187 POP UP NO ONE,Нет,0001-01-01,6631545002,Multi,,,,2023-03-20 05:10:01,0
194,07008794,Смр Интернет-Магазин Яндекс Такси,,Да,794,ONLINEYASMR,"САМАРА МОЛЛ ""ПАРК-ХАУС""",2021-01-18,САМАРА,Интернет-магазин,Интернет-торговля,Нет,основная,,Нет,0001-01-01,105,Online,,,,2023-03-20 05:10:01,0
195,07009138,Тлт Парк Хаус OUTLET NO ONE,,Да,30,TOL-PH-NO,"ТОЛЬЯТТИ OUTLET МОЛЛ ""ПАРК-ХАУС""",2015-01-23,ТОЛЬЯТТИ,NO ONE,Сток,Да,сток,"Тлт Парк Хаус OUTLET NO ONE, BALDININI",Нет,2021-02-24,632445001,,,,,2023-03-10 17:26:12,0
196,07010795,Уфа  Интернет-Магазин Яндекс Такси,,Да,795,ONLINEYAUFA,"УФА ТРЦ  ""Планета""",2021-01-18,УФА,Интернет-магазин,Интернет-торговля,Нет,основная,,Нет,0001-01-01,105,Online,,,,2023-03-20 05:10:01,0
197,07011151,СПб Пулково OUTLET NO ONE DONNA,,Да,153,SPP-OT-NOD,САНКТ-ПЕТЕРБУРГ ПУЛКОВО OUTLET,2017-09-01,САНКТ-ПЕТЕРБУРГ,NO ONE,Сток,Нет,сток,СПб Пулково NO ONE,Нет,0001-01-01,782045001,Multi,,Ж,,2023-03-20 05:10:01,0
198,07011152,СПб Пулково OUTLET NO ONE UOMO,,Да,153,SPP-OT-NOU,САНКТ-ПЕТЕРБУРГ ПУЛКОВО OUTLET,2017-09-01,САНКТ-ПЕТЕРБУРГ,NO ONE,Сток,Нет,сток,СПб Пулково NO ONE,Нет,0001-01-01,782045001,Multi,,М,,2023-03-20 05:10:01,0
199,07011153,САНКТ-ПЕТЕРБУРГ ПУЛКОВО OUTLET NO ONE,,Да,153,SPP-OT-NO,САНКТ-ПЕТЕРБУРГ ПУЛКОВО OUTLET,2016-08-15,САНКТ-ПЕТЕРБУРГ,NO ONE,Сток,Да,сток,СПб Пулково NO ONE,Нет,2017-09-10,782045001,,,,,2023-03-10 17:26:12,0
200,07011216,СПб Пулково ПУНКТ СМВ NO ONE ,,Да,216,SPP-NOONE,САНКТ-ПЕТЕРБУРГ ПУЛКОВО OUTLET,2020-10-01,САНКТ-ПЕТЕРБУРГ,NO ONE,Основной,Нет,основная,СПб Пулково NO ONE,Нет,0001-01-01,782045001,Multi,,,,2023-03-20 05:10:01,0
201,07011237,СПб Галерея NO ONE,,Да,237,SPB-GL-NO,"САНКТ-ПЕТЕРБУРГ ""Галерея""",2020-11-01,САНКТ-ПЕТЕРБУРГ,NO ONE,Основной,Нет,основная,СПб Галерея NO ONE,Нет,0001-01-01,784245001,Multi,,,,2023-03-20 05:10:01,0
202,07012000,Нск Галерея NO ONE,,Да,170,NO-GL-NO,"НОВОСИБИРСК ТРЦ ""Галерея""",2018-08-01,НОВОСИБИРСК,NO ONE,Основной,Нет,основная,Нск Галерея NO ONE,Нет,0001-01-01,540645001,Multi,,,,2023-03-20 05:10:01,0
203,07012792,Нск Интернет-Магазин Яндекс Такси,,Да,792,ONLINEYAHSK,"НОВОСИБИРСК ТРЦ ""Галерея""",2021-01-18,НОВОСИБИРСК,Интернет-магазин,Интернет-торговля,Нет,основная,,Нет,0001-01-01,105,Online,,,,2023-03-20 05:10:01,0
204,07013256,Сч POP UP Шкиперский ,,Да,256,SH-OT-NO,"СОЧИ ТЦ ""ШКИПЕРСКИЙ""",2021-11-02,СОЧИ,NO ONE,Pop up,Да,Pop up,Сочи Шкиперский 1 POP UP NO ONE,Нет,2022-01-24,236645001,,,,,2023-03-20 05:10:01,0
205,07013269,Сочи Моремолл NO ONE,,Да,269,SH-NO,"СОЧИ ТЦ ""МОРЕМОЛЛ""",2022-08-15,СОЧИ,NO ONE,Основной,Нет,основная,Сочи Моремолл NO ONE,Нет,0001-01-01,236645002,Multi,,,,2023-03-20 05:10:01,0
206,08001047,"Волгоград МОЛЛ ""ПАРК-ХАУС"" Vicini",,Да,47,VOL-PH-VI,"ВОЛГОГРАД МОЛЛ ""ПАРК-ХАУС""",2008-03-29,ВОЛГОГРАД,Vicini,Основной,Да,основная,,Нет,2016-02-26,0,,,,,2023-03-20 05:10:01,0
207,08002097,"Екатеринбург ТЦ ""ЕВРОПА"" СASADEI",,Да,97,EK-EVR-CA,"ЕКАТЕРИНБУРГ ТЦ ""ЕВРОПА""",2012-05-31,ЕКАТЕРИНБУРГ,CASADEI,Основной,Да,основная регион,,Нет,2016-02-29,0,,,,,2023-03-20 05:10:01,0
208,08004103,"Казань ТЦ ""Сувар - Плаза"" СASADEI",,Да,103,KAZ-SP-CA,"КАЗАНЬ ТЦ ""Сувар - Плаза""",2012-08-01,КАЗАНЬ,CASADEI,Основной,Да,основная регион,,Нет,2016-02-27,0,,,,,2023-03-20 05:10:01,0
209,08007089,РнД Горизонт CASADEI,,Да,89,ROS-G-CA,"РОСТОВ-НА-ДОНУ ТРК ""Мегацентр Горизонт""",2011-10-29,РОСТОВ-НА-ДОНУ,CASADEI,Основной,Да,основная,РнД Горизонт CASADEI,Нет,2020-08-28,616145002,,,,SdID|Sex,2023-03-10 17:26:12,0
210,08008032,"Самара МОЛЛ ""ПАРК-ХАУС"" Vicini",,Да,32,SAM-PH-VI,"САМАРА МОЛЛ ""ПАРК-ХАУС""",2006-10-21,САМАРА,Vicini,Основной,Да,основная,,Нет,2017-02-21,0,,,,,2023-03-20 05:10:01,0
211,08009030,"Тольятти OUTLET МОЛЛ ""ПАРК-ХАУС"" Vicini",,Да,30,TOL-PH-VI,"ТОЛЬЯТТИ OUTLET МОЛЛ ""ПАРК-ХАУС""",2005-12-17,ТОЛЬЯТТИ,Vicini,Сток,Да,сток,,Нет,2015-02-16,0,,,,,2023-03-20 05:10:01,0
212,09006020,Москва ГУМ Testoni,,Да,126,GUM-TE,МОСКВА ГУМ,2014-04-03,МОСКВА,Testoni,Основной,Да,основная,ГУМ Testoni ,Нет,2018-11-22,0,,,,,2023-03-20 05:10:01,0
213,10006133,Мск ГУМ FRATELLI ROSETTI,,Да,133,GUM-FR,МОСКВА ГУМ,2015-04-11,МОСКВА,Fratelli Rosetti,Основной,Нет,основная,Мск ГУМ FRATELLI ROSSETTI,Нет,0001-01-01,772545007,Mono,,,,2023-03-20 05:10:01,0
214,11006137,Мск ГУМ  ROCCO P,,Да,245,GUM-RP,МОСКВА ГУМ,2015-03-24,МОСКВА,Rocco'P,Основной,Нет,основная,"Мск ГУМ MORESCHI, ROCCO P",Нет,0001-01-01,772545007,Mono,,,,2023-03-20 05:10:01,0
215,111,Мск Novaya Riga OUTLET NO ONE,,Да,185,NR-OT-NO,МОСКВА OUTLET Рига,2019-11-27,МОСКВА,NO ONE,Сток,Нет,сток,Мск Novaya Riga NO ONE,Нет,0001-01-01,501745001,Multi,,,,2023-03-20 05:10:01,0
216,12006131,Мск ГУМ SERGIO ROSSI,,Да,240,GUM-SR,МОСКВА ГУМ,2015-03-13,МОСКВА,Sergio Rossi,Основной,Нет,основная,"Мск ГУМ LE SILLA, SERGIO ROSSI",Нет,0001-01-01,772545007,Mono,,,,2023-03-20 05:10:01,0
217,13006135,Мск ГУМ STUART WEITZMAN,,Да,135,GUM-SW,МОСКВА ГУМ,2015-03-14,МОСКВА,Stuart Weitzman,Основной,Да,основная,"Мск ГУМ CASADEI, STUART WEITZMAN",Да,2022-10-02,772545007,Mono,,,,2023-03-14 14:58:54,0
218,13006143,МОСКВА ВЕСНА  STUART WEITZMAN,,Да,152,VES-SW,МОСКВА ВЕСНА,2016-04-01,МОСКВА,Stuart Weitzman,Основной,Да,основная,,Да,2018-10-01,0,,,,,2023-03-20 05:10:01,0
219,13007145,РнД Горизонт STUART WEITZMAN,,Да,145,ROS-G-SW,"РОСТОВ-НА-ДОНУ ТРК ""Мегацентр Горизонт""",2016-03-05,РОСТОВ-НА-ДОНУ,Stuart Weitzman,Основной,Да,основная,РнД Горизонт STUART WEITZMAN,Нет,2020-08-28,616145001,,,,SdID|Sex,2023-03-10 17:26:12,0
220,14006136,Мск ГУМ MORESCHI,,Да,244,GUM-MO,МОСКВА ГУМ,2015-03-20,МОСКВА,Moreschi,Основной,Нет,основная,"Мск ГУМ MORESCHI, ROCCO P",Нет,0001-01-01,772545007,Mono,,,,2023-03-20 05:10:01,0
221,15006130,Мск ГУМ POLLINI,,Да,130,GUM-PO,МОСКВА ГУМ,2015-03-04,МОСКВА,Pollini,Основной,Нет,основная,"Мск ГУМ PDB, POLLINI",Нет,0001-01-01,772545007,Mono,,,,2023-03-20 05:10:01,0
222,15006167,Мск Европейский POLLINI,,Да,167,EVR-PO,МОСКВА ЕВРОПЕЙСКИЙ ТРЦ,2017-12-05,МОСКВА,Pollini,Основной,Да,основная,"Мск Европейский CASADEI, POLLINI, PDB",Нет,2021-02-24,772545012,,,,SdID|Sex,2023-03-10 17:26:12,0
223,15007151,"Ростов ТРК ""Мегацентр Горизонт"" Pollini",,Да,151,ROS-G-PO,"РОСТОВ-НА-ДОНУ ТРК ""Мегацентр Горизонт""",2016-03-05,РОСТОВ-НА-ДОНУ,Pollini,Основной,Да,основная,"Ростов-на-Дону, Горизонт Pollini",Нет,2019-06-30,0,,,,SdID|Sex,2023-03-20 05:10:01,0
224,16006000,Мск Marketplace,,Да,,MP,Marketplace,2020-06-01,МОСКВА,Маркетплейс,Маркетплейс,Нет,,,Нет,0001-01-01,0,MP,,,,2023-03-20 05:10:01,0
225,16006001,Мск интернет-магазин Свиблово,,Да,1,ONLINESV,МОСКВА Интернет-магазин,2020-05-01,МОСКВА,Интернет-магазин,Интернет-торговля,Нет,основная,Мск ИМ Свиблово,Нет,0001-01-01,105,Online,,,,2023-03-20 05:10:01,0
226,16006105,Мск интернет-магазин Витрина,,Да,175,ONLINEVT,МОСКВА Интернет-магазин,2013-02-28,МОСКВА,Интернет-магазин,Интернет-торговля,Нет,основная,Мск ИМ Тверская 12,Нет,0001-01-01,105,Online,,,,2023-03-20 05:10:01,0
227,16006106,Мск интернет-магазин СТРИЖ,,Да,106,ONLINEST,МОСКВА Интернет-магазин,2018-06-13,МОСКВА,Интернет-магазин,Интернет-торговля,Нет,основная,,Нет,0001-01-01,105,Online,,,,2023-03-20 05:10:01,0
228,16006172,Мск интернет-магазин DHL,,Да,172,ONLINEDHL,МОСКВА Интернет-магазин,2018-09-05,МОСКВА,Интернет-магазин,Интернет-торговля,Нет,основная,,Нет,0001-01-01,105,Online,,,,2023-03-20 05:10:01,0
229,16006175,Мск интернет-магазин КЦ,,Да,105,ONLINEKC,МОСКВА Интернет-магазин,2020-05-01,МОСКВА,Интернет-магазин,Интернет-торговля,Нет,основная,Мск ИМ Колл-центр,Нет,0001-01-01,105,Online,,,,2023-03-20 05:10:01,0
230,16006181,Мск Стайл Консьерж,,Да,181,ONLINESC,МОСКВА Интернет-магазин,2019-03-22,МОСКВА,Интернет-магазин,Интернет-торговля,Нет,основная,,Нет,0001-01-01,0,Online,,,,2023-03-20 05:10:01,0
231,16006195,Мск Стайл ТЭК,,Да,195,ONLINESC,МОСКВА Интернет-магазин,2019-10-03,МОСКВА,Интернет-магазин,Интернет-торговля,Нет,основная,,Нет,0001-01-01,0,Online,,,,2023-03-20 05:10:01,0
232,16006779,Мск интернет-магазин DPD,,Да,779,ONLINEDPD,МОСКВА Интернет-магазин,2019-05-22,МОСКВА,Интернет-магазин,Интернет-торговля,Нет,основная,,Нет,0001-01-01,105,Online,,,,2023-03-20 05:10:01,0
233,16006780,Мск интернет-магазин GETT,,Да,780,ONLINEGETT,МОСКВА Интернет-магазин,2019-07-08,МОСКВА,Интернет-магазин,Интернет-торговля,Нет,основная,,Нет,0001-01-01,105,Online,,,,2023-03-20 05:10:01,0
234,16006786,Мск Интернет-Магазин Яндекс Такси,,Да,786,ONLINEYANDEX,МОСКВА Интернет-магазин,2020-12-22,МОСКВА,Интернет-магазин,Интернет-торговля,Нет,основная,,Нет,0001-01-01,105,Online,,,,2023-03-20 05:10:01,0
235,16006798,Мск ИМ Почта Доставка РФ ,,Да,798,ONLINEPOCHTA,МОСКВА Интернет-магазин,2022-12-12,МОСКВА,Интернет-магазин,Интернет-торговля,Нет,основная,,Нет,0001-01-01,105,Multi,,,,2023-03-20 05:10:01,0
236,17006000,Мск ГУМ PDB,,Да,204,GUM-PDB,МОСКВА ГУМ,2020-03-12,МОСКВА,PRINCIPE DI BOLOGNA,Основной,Нет,основная,"Мск ГУМ PDB, POLLINI",Нет,0001-01-01,772545007,Mono,,,,2023-03-20 05:10:01,0
237,17006004,Мск Тверская 6 PDB,,Да,4,TV6-PDB,МОСКВА Тверская 6,2020-12-18,МОСКВА,PRINCIPE DI BOLOGNA,Основной,Нет,основная,,Нет,0001-01-01,0,Mono,,,,2023-03-20 05:10:01,0
238,17006078,Мск Vegas PDB,,Да,78,VEG-PDB,МОСКВА ТРЦ VEGAS,2019-03-18,МОСКВА,PRINCIPE DI BOLOGNA,Основной,Да,основная,"Мск Vegas BALDININI, FABI, PDB",Нет,0001-01-01,500345001,,,,,2023-03-20 05:10:01,0
239,17006167,Мск Европейский PDB,,Да,167,EVR-PDB,МОСКВА ЕВРОПЕЙСКИЙ ТРЦ,2017-12-05,МОСКВА,PRINCIPE DI BOLOGNA,Основной,Да,основная,"Мск Европейский CASADEI, POLLINI, PDB",Нет,2021-02-24,772545012,,,,SdID|Sex,2023-03-10 17:26:12,0
240,17006168,Смр Парк Хаус NO ONE DONNA,,Да,210,SAM-PH-NO-D,"САМАРА МОЛЛ ""ПАРК-ХАУС""",2020-08-26,САМАРА,NO ONE,Основной,Нет,основная,Смр Парк Хаус NO ONE,Нет,0001-01-01,631945001,Multi,,Ж,,2023-03-20 05:10:01,0
241,17006169,Смр Парк Хаус NO ONE UOMO,,Да,210,SAM-PH-NO-U,"САМАРА МОЛЛ ""ПАРК-ХАУС""",2020-08-26,САМАРА,NO ONE,Основной,Нет,основная,Смр Парк Хаус NO ONE,Нет,0001-01-01,631945001,Multi,,М,,2023-03-20 05:10:01,0
242,17006183,ОПТ_Образцы,,Нет,183,WHLS-SAMPLE,,2019-06-01,МОСКВА,,Основной,Нет,,,Да,0001-01-01,0,,,,,2023-03-20 05:10:01,0
243,170061833,Мск Wildberries,,Да,,WB,МОСКВА Интернет-магазин,2020-06-01,МОСКВА,Маркетплейс,Маркетплейс,Нет,,,Нет,0001-01-01,0,MP,,,,2023-03-20 05:10:01,0
244,17006184,ОПТ_TEST,,Нет,183,ОПТ-TEST,,2019-06-10,МОСКВА,,Основной,Нет,,,Да,0001-01-01,0,,,,,2023-03-20 05:10:01,0
245,170061841,NOONE1,,Да,,NOONE1,NOONE,2019-07-24,МОСКВА,NO ONE,Основной,Нет,,,Нет,0001-01-01,0,,,,,2023-03-20 05:10:01,0
246,170061842,NOONE2,,Да,,NOONE2,NOONE2,2019-07-24,МОСКВА,NO ONE,Основной,Нет,,,Нет,0001-01-01,0,,,,,2023-03-20 05:10:01,0
247,17007194,"Ростов ТРК ""Мегацентр Горизонт"" PDB Pop up",,Да,194,ROS-PDB,"РОСТОВ-НА-ДОНУ ТРК ""Мегацентр Горизонт""",2019-09-01,РОСТОВ-НА-ДОНУ,PRINCIPE DI BOLOGNA,Основной,Да,основная,РнД Горизонт POP-UP PDB,Нет,2019-09-30,0,,,,SdID|Sex,2023-03-20 05:10:01,0
248,17007195,Мск Vegas NO ONE UOMO,,Да,209,VEG-NO-U,МОСКВА ТРЦ VEGAS,2020-09-01,МОСКВА,NO ONE,Основной,Нет,основная,Мск Vegas NO ONE,Нет,0001-01-01,500345001,Multi,,М,,2023-03-20 05:10:01,0
249,17007196,Мск Vegas NO ONE DONNA,,Да,209,VEG-NO-D,МОСКВА ТРЦ VEGAS,2020-09-01,МОСКВА,NO ONE,Основной,Нет,основная,Мск Vegas NO ONE,Нет,0001-01-01,500345001,Multi,,Ж,,2023-03-20 05:10:01,0
250,18006000,Мск Kupivip,,Да,,KV,МОСКВА Интернет-магазин,2020-07-19,МОСКВА,Маркетплейс,Маркетплейс,Нет,,,Нет,0001-01-01,0,MP,,,,2023-03-20 05:10:01,0
251,19006214,Мск ГУМ LE SILLA,,Да,214,GUM-LE,МОСКВА ГУМ,2021-03-31,МОСКВА,LE SILLA,Основной,Нет,основная,"Мск ГУМ LE SILLA, SERGIO ROSSI",Нет,0001-01-01,772545007,Mono,,,,2023-03-20 05:10:01,0
252,19006215,Мск OZON,,Да,,OZON,МОСКВА Интернет-магазин,2020-06-01,МОСКВА,Маркетплейс,Маркетплейс,Нет,,,Нет,0001-01-01,0,MP,,,,2023-03-20 05:10:01,0
253,19006216,Влг  Интернет-Магазин Яндекс Такси,,Да,787,ONLINEYAVLG,"ВОЛГОГРАД МОЛЛ ""ПАРК-ХАУС""",2021-01-18,ВОЛГОГРАД,Интернет-магазин,Интернет-торговля,Нет,основная,,Нет,0001-01-01,105,Online,,,,2023-03-20 05:10:01,0
254,19006217,Мск PDB-IT,,Да,105,PDB-IT,МОСКВА Интернет-магазин,2021-09-01,МОСКВА,PRINCIPE DI BOLOGNA,Основной,Нет,основная,,Нет,0001-01-01,0,,,,,2023-03-20 05:10:01,0
255,19006218,Мск Тверская 6 NO ONE,,Да,260,TV6-NO,МОСКВА Тверская 6,2021-12-01,МОСКВА,NO ONE,Основной,Нет,основная,Мск Тверская 6 NO ONE,Нет,0001-01-01,7772545009,Multi,,,,2023-03-20 05:10:01,0
